title,content
Larry Abbott,https://en.wikipedia.org/wiki/Larry_Abbott
Robert Adair (physicist),https://en.wikipedia.org/wiki/Robert_Adair_(physicist)
John Adams (physicist),https://en.wikipedia.org/wiki/John_Adams_(physicist)
Christine Aidala,https://en.wikipedia.org/wiki/Christine_Aidala
Mohammad Sajjad Alam,https://en.wikipedia.org/wiki/Mohammad_Sajjad_Alam
Anwar Ali (physicist),https://en.wikipedia.org/wiki/Anwar_Ali_(physicist)
Wade Allison,https://en.wikipedia.org/wiki/Wade_Allison
Luis Álvarez‑Gaumé,https://en.wikipedia.org/wiki/Luis_%C3%81lvarez-Gaum%C3%A9
Edoardo Amaldi,https://en.wikipedia.org/wiki/Edoardo_Amaldi
Ugo Amaldi (physicist),https://en.wikipedia.org/wiki/Ugo_Amaldi_(physicist)
Yasmine Amhis,https://en.wikipedia.org/wiki/Yasmine_Amhis
Ivan Aničin,https://en.wikipedia.org/wiki/Ivan_Ani%C4%8Din
Elena Aprile,https://en.wikipedia.org/wiki/Elena_Aprile
Engin Arık,https://en.wikipedia.org/wiki/Engin_Ar%C4%B1k
Rafael Armenteros,https://en.wikipedia.org/wiki/Rafael_Armenteros
Marina Artuso,https://en.wikipedia.org/wiki/Marina_Artuso
Julius Ashkin,https://en.wikipedia.org/wiki/Julius_Ashkin
Ketevi Assamagan,https://en.wikipedia.org/wiki/Ketevi_Assamagan
Alan Astbury,https://en.wikipedia.org/wiki/Alan_Astbury
Muzaffer Atac,https://en.wikipedia.org/wiki/Muzaffer_Atac
Olivier Auber,https://en.wikipedia.org/wiki/Olivier_Auber
Pierre Victor Auger,https://en.wikipedia.org/wiki/Pierre_Victor_Auger
Liz Bacon,https://en.wikipedia.org/wiki/Liz_Bacon
Henri Bacry,https://en.wikipedia.org/wiki/Henri_Bacry
Ibtesam Badhrees,https://en.wikipedia.org/wiki/Ibtesam_Badhrees
Cornelis Bakker,https://en.wikipedia.org/wiki/Cornelis_Bakker
Milla Baldo‑Ceolin,https://en.wikipedia.org/wiki/Milla_Baldo-Ceolin
Riccardo Barbieri,https://en.wikipedia.org/wiki/Riccardo_Barbieri
William A. Bardeen,https://en.wikipedia.org/wiki/William_A._Bardeen
Itzhak Bars,https://en.wikipedia.org/wiki/Itzhak_Bars
Asım Orhan Barut,https://en.wikipedia.org/wiki/As%C4%B1m_Orhan_Barut
Ursula Bassler,https://en.wikipedia.org/wiki/Ursula_Bassler
Roberto Battiston,https://en.wikipedia.org/wiki/Roberto_Battiston
Laura Baudis,https://en.wikipedia.org/wiki/Laura_Baudis
Frank Beck (computer scientist),https://en.wikipedia.org/wiki/Frank_Beck_(computer_scientist)
Hans Peter Beck,https://en.wikipedia.org/wiki/Hans_Peter_Beck
Mary Ross Bell,https://en.wikipedia.org/wiki/Mary_Ross_Bell
Andrea Bellini (curator),https://en.wikipedia.org/wiki/Andrea_Bellini_(curator)
Monica Bello (art historian),https://en.wikipedia.org/wiki/Monica_Bello_(art_historian)
Kamal Benslama,https://en.wikipedia.org/wiki/Kamal_Benslama
Elina Berglund,https://en.wikipedia.org/wiki/Elina_Berglund
Lars Bergström (physicist),https://en.wikipedia.org/wiki/Lars_Bergstr%C3%B6m_(physicist)
Tim Berners‑Lee,https://en.wikipedia.org/wiki/Tim_Berners-Lee
Jeremy Bernstein,https://en.wikipedia.org/wiki/Jeremy_Bernstein
Reinhold Bertlmann,https://en.wikipedia.org/wiki/Reinhold_Bertlmann
Sigfried Bethke,https://en.wikipedia.org/wiki/Sigfried_Bethke
D. D. Bhawalkar,https://en.wikipedia.org/wiki/D._D._Bhawalkar
Ikaros Bigi,https://en.wikipedia.org/wiki/Ikaros_Bigi
Aude Billard,https://en.wikipedia.org/wiki/Aude_Billard
Pierre Binétruy,https://en.wikipedia.org/wiki/Pierre_Bin%C3%A9truy
Marietta Blau,https://en.wikipedia.org/wiki/Marietta_Blau
Klaus Blaum,https://en.wikipedia.org/wiki/Klaus_Blaum
Hildred Blewett,https://en.wikipedia.org/wiki/Hildred_Blewett
John P. Blewett,https://en.wikipedia.org/wiki/John_P._Blewett
Felix Bloch,https://en.wikipedia.org/wiki/Felix_Bloch
Martin M. Block,https://en.wikipedia.org/wiki/Martin_M._Block
Gregor von Bochmann (computer scientist),https://en.wikipedia.org/wiki/Gregor_von_Bochmann_(computer_scientist)
Felix Boehm,https://en.wikipedia.org/wiki/Felix_Boehm
Niels Bohr,https://en.wikipedia.org/wiki/Niels_Bohr
Daniela Bortoletto,https://en.wikipedia.org/wiki/Daniela_Bortoletto
Tulika Bose,https://en.wikipedia.org/wiki/Tulika_Bose
Branko Bošnjaković,https://en.wikipedia.org/wiki/Branko_Bo%C5%9Bnjakovi%C4%87
Martin Breidenbach,https://en.wikipedia.org/wiki/Martin_Breidenbach
Shikma Bressler,https://en.wikipedia.org/wiki/Shikma_Bressler
Lars Brink,https://en.wikipedia.org/wiki/Lars_Brink
Louis de Broglie,https://en.wikipedia.org/wiki/Louis_de_Broglie
Hans Peter Brondmo,https://en.wikipedia.org/wiki/Hans_Peter_Brondmo
Lowell S. Brown,https://en.wikipedia.org/wiki/Lowell_S._Brown
Yvan Bruynseraede,https://en.wikipedia.org/wiki/Yvan_Bruynseraede
Detlev Buchholz,https://en.wikipedia.org/wiki/Detlev_Buchholz
Oliver Buchmueller,https://en.wikipedia.org/wiki/Oliver_Buchmueller
Alessandra Buonanno,https://en.wikipedia.org/wiki/Alessandra_Buonanno
Andrzej Buras,https://en.wikipedia.org/wiki/Andrzej_Buras
Eric Burhop,https://en.wikipedia.org/wiki/Eric_Burhop
Volker Burkert,https://en.wikipedia.org/wiki/Volker_Burkert
Clifford Charles Butler,https://en.wikipedia.org/wiki/Clifford_Charles_Butler
Peter A. Butler,https://en.wikipedia.org/wiki/Peter_A._Butler
Noor Muhammad Butt,https://en.wikipedia.org/wiki/Noor_Muhammad_Butt
Ian Butterworth (physicist),https://en.wikipedia.org/wiki/Ian_Butterworth_(physicist)
Jon Butterworth,https://en.wikipedia.org/wiki/Jon_Butterworth
Nicola Cabibbo,https://en.wikipedia.org/wiki/Nicola_Cabibbo
David Callaway,https://en.wikipedia.org/wiki/David_Callaway
Nuno Camarneiro,https://en.wikipedia.org/wiki/Nuno_Camarneiro
Philip Candelas,https://en.wikipedia.org/wiki/Philip_Candelas
David John Candlin,https://en.wikipedia.org/wiki/David_John_Candlin
Rosemary Candlin,https://en.wikipedia.org/wiki/Rosemary_Candlin
Florencia Canelli,https://en.wikipedia.org/wiki/Florencia_Canelli
Marcela Carena,https://en.wikipedia.org/wiki/Marcela_Carena
Brian Carpenter (engineer),https://en.wikipedia.org/wiki/Brian_Carpenter_(engineer)
Roger Cashmore,https://en.wikipedia.org/wiki/Roger_Cashmore
Raphaël Granier de Cassagnac,https://en.wikipedia.org/wiki/Rapha%C3%ABl_Granier_de_Cassagnac
Richard Casten,https://en.wikipedia.org/wiki/Richard_Casten
Sergio Cecotti,https://en.wikipedia.org/wiki/Sergio_Cecotti
Anna Ceresole,https://en.wikipedia.org/wiki/Anna_Ceresole
Ali Chamseddine,https://en.wikipedia.org/wiki/Ali_Chamseddine
David Charlton,https://en.wikipedia.org/wiki/David_Charlton
Benson T. Chertok,https://en.wikipedia.org/wiki/Benson_T._Chertok
Juansher Chkareuli,https://en.wikipedia.org/wiki/Juansher_Chkareuli
Vinod Chohan,https://en.wikipedia.org/wiki/Vinod_Chohan
Luisa Cifarelli,https://en.wikipedia.org/wiki/Luisa_Cifarelli
Jean Cleymans,https://en.wikipedia.org/wiki/Jean_Cleymans
David B. Cline,https://en.wikipedia.org/wiki/David_B._Cline
Frank Close,https://en.wikipedia.org/wiki/Frank_Close
Giuseppe Cocconi,https://en.wikipedia.org/wiki/Giuseppe_Cocconi
John Cockcroft,https://en.wikipedia.org/wiki/John_Cockcroft
Paul Collier (physicist),https://en.wikipedia.org/wiki/Paul_Collier_(physicist)
Simon Connell,https://en.wikipedia.org/wiki/Simon_Connell
Marcello Conversi,https://en.wikipedia.org/wiki/Marcello_Conversi
Amanda Cooper‑Sarkar,https://en.wikipedia.org/wiki/Amanda_Cooper-Sarkar
Leon Cooper,https://en.wikipedia.org/wiki/Leon_Cooper
Ed Corrigan,https://en.wikipedia.org/wiki/Ed_Corrigan
Paolo Cotta‑Ramusino,https://en.wikipedia.org/wiki/Paolo_Cotta-Ramusino
Glen Cowan,https://en.wikipedia.org/wiki/Glen_Cowan
Ramanath Cowsik,https://en.wikipedia.org/wiki/Ramanath_Cowsik
Brad Cox (physicist),https://en.wikipedia.org/wiki/Brad_Cox_(physicist)
Brian Cox (physicist),https://en.wikipedia.org/wiki/Brian_Cox_(physicist)
John G. Cramer,https://en.wikipedia.org/wiki/John_G._Cramer
Eugène Cremmer,https://en.wikipedia.org/wiki/Eug%C3%A8ne_Cremmer
Rod Crewther,https://en.wikipedia.org/wiki/Rod_Crewther
James Cronin,https://en.wikipedia.org/wiki/James_Cronin
Michael Crowley‑Milling,https://en.wikipedia.org/wiki/Michael_Crowley-Milling
Bibijana Čujec,https://en.wikipedia.org/wiki/Bibijana_%C4%8Cujec
Catalina Curceanu,https://en.wikipedia.org/wiki/Catalina_Curceanu
Hubert Curien,https://en.wikipedia.org/wiki/Hubert_Curien
Eric D'Hoker,https://en.wikipedia.org/wiki/Eric_D%27Hoker
Odd Dahl,https://en.wikipedia.org/wiki/Odd_Dahl
Sanja Damjanović,https://en.wikipedia.org/wiki/Sanja_Damjanovi%C4%87
Amitava Datta,https://en.wikipedia.org/wiki/Amitava_Datta
Michel Davier,https://en.wikipedia.org/wiki/Michel_Davier
Christine Davies,https://en.wikipedia.org/wiki/Christine_Davies
Anne‑Christine Davis,https://en.wikipedia.org/wiki/Anne-Christine_Davis
Richard Davisson,https://en.wikipedia.org/wiki/Richard_Davisson
Alessandro De Angelis (astrophysicist),https://en.wikipedia.org/wiki/Alessandro_De_Angelis_(astrophysicist)
Amos de‑Shalit,https://en.wikipedia.org/wiki/Amos_de-Shalit
Michel Della Negra,https://en.wikipedia.org/wiki/Michel_Della_Negra
Sarah Demers,https://en.wikipedia.org/wiki/Sarah_Demers
Bilge Demirköz,https://en.wikipedia.org/wiki/Bilge_Demirk%C3%B6z
Giuseppe di Giugno,https://en.wikipedia.org/wiki/Giuseppe_di_Giugno
Paolo Di Vecchia,https://en.wikipedia.org/wiki/Paolo_Di_Vecchia
Amol Dighe,https://en.wikipedia.org/wiki/Amol_Dighe
Jens Dilling,https://en.wikipedia.org/wiki/Jens_Dilling
Savas Dimopoulos,https://en.wikipedia.org/wiki/Savas_Dimopoulos
Günther Dissertori,https://en.wikipedia.org/wiki/G%C3%BCnther_Dissertori
Felix Dothan,https://en.wikipedia.org/wiki/Felix_Dothan
María Teresa Dova,https://en.wikipedia.org/wiki/Mar%C3%ADa_Teresa_Dova
John Dowell,https://en.wikipedia.org/wiki/John_Dowell
Michael Duff (physicist),https://en.wikipedia.org/wiki/Michael_Duff_(physicist)
Giorgi Dvali,https://en.wikipedia.org/wiki/Giorgi_Dvali
Tord Ekelöf,https://en.wikipedia.org/wiki/Tord_Ekel%C3%B6f
Gösta Ekspong,https://en.wikipedia.org/wiki/G%C3%B6sta_Ekspong
John Ellis (physicist, born 1946)
Jos Engelen,https://en.wikipedia.org/wiki/Jos_Engelen
Aslı Erdoğan,https://en.wikipedia.org/wiki/Asl%C4%B1_Erdogan
Antonio Ereditato,https://en.wikipedia.org/wiki/Antonio_Ereditato
Torleif Ericson,https://en.wikipedia.org/wiki/Torleif_Ericson
Steven Errede,https://en.wikipedia.org/wiki/Steven_Errede
Bernard d’Espagnat,https://en.wikipedia.org/wiki/Bernard_d%27Espagnat
Lyn Evans,https://en.wikipedia.org/wiki/Lyn_Evans
Olga Evdokimov,https://en.wikipedia.org/wiki/Olga_Evdokimov
Tatiana Fabergé,https://en.wikipedia.org/wiki/Tatiana_Faberg%C3%A9
Ludvig Fascadeev,https://en.wikipedia.org/wiki/Ludvig_Faddeev
David Faiman,https://en.wikipedia.org/wiki/David_Faiman
Johannes Falnes,https://en.wikipedia.org/wiki/Johannes_Falnes
Francis Farley,https://en.wikipedia.org/wiki/Francis_Farley
Sinead Farrington,https://en.wikipedia.org/wiki/Sinead_Farrington
Farida Fassi,https://en.wikipedia.org/wiki/Farida_Fassi
Pierre Fayet,https://en.wikipedia.org/wiki/Pierre_Fayet
Fayyazuddin,https://en.wikipedia.org/wiki/Fayyazuddin
Bernard T. Feld,https://en.wikipedia.org/wiki/Bernard_T._Feld
Gary Feldman,https://en.wikipedia.org/wiki/Gary_Feldman
Jacqueline Feldman,https://en.wikipedia.org/wiki/Jacqueline_Feldman
Ulrike Felt,https://en.wikipedia.org/wiki/Ulrike_Felt
Richard Allan Ferrell,https://en.wikipedia.org/wiki/Richard_Allan_Ferrell
Richard D. Field,https://en.wikipedia.org/wiki/Richard_D._Field
Markus Fierz,https://en.wikipedia.org/wiki/Markus_Fierz
David Finkelstein,https://en.wikipedia.org/wiki/David_Finkelstein
Ettore Fiorini,https://en.wikipedia.org/wiki/Ettore_Fiorini
François Flückiger,https://en.wikipedia.org/wiki/Fran%C3%A7ois_Fl%C3%BCckiger
Sergio Focardi,https://en.wikipedia.org/wiki/Sergio_Focardi
Zoltan Fodor (physicist),https://en.wikipedia.org/wiki/Zoltan_Fodor_(physicist)
Ron Folman,https://en.wikipedia.org/wiki/Ron_Folman
Nicolao Fornengo,https://en.wikipedia.org/wiki/Nicolao_Fornengo
Jeff Forshaw,https://en.wikipedia.org/wiki/Jeff_Forshaw
Lucy Fortson,https://en.wikipedia.org/wiki/Lucy_Fortson
J. G. Fox,https://en.wikipedia.org/wiki/J._G._Fox
Efim Fradkin,https://en.wikipedia.org/wiki/Efim_Fradkin
Frank Kenneth Goward,https://en.wikipedia.org/wiki/Frank_Kenneth_Goward
Melissa Franklin,https://en.wikipedia.org/wiki/Melissa_Franklin
Carlo Franzinetti,https://en.wikipedia.org/wiki/Carlo_Franzinetti
Hans Frauenfelder,https://en.wikipedia.org/wiki/Hans_Frauenfelder
Pietro G. Frè,https://en.wikipedia.org/wiki/Pietro_G._Fr%C3%A8
Daniel Z. Freedman,https://en.wikipedia.org/wiki/Daniel_Z._Freedman
Erwin Friedlander,https://en.wikipedia.org/wiki/Erwin_Friedlander
Jerome H. Friedman,https://en.wikipedia.org/wiki/Jerome_H._Friedman
Harald Fritzsch,https://en.wikipedia.org/wiki/Harald_Fritzsch
Marcel Froissart,https://en.wikipedia.org/wiki/Marcel_Froissart
Sergio Fubini,https://en.wikipedia.org/wiki/Sergio_Fubini
Christer Fuglesang,https://en.wikipedia.org/wiki/Christer_Fuglesang
Gregory Gabadadze,https://en.wikipedia.org/wiki/Gregory_Gabadadze
Erwin Gabathuler,https://en.wikipedia.org/wiki/Erwin_Gabathuler
Gerald Gabrielse,https://en.wikipedia.org/wiki/Gerald_Gabrielse
Mariano Gago,https://en.wikipedia.org/wiki/Mariano_Gago
María José García Borge,https://en.wikipedia.org/wiki/Mar%C3%ADa_Jos%C3%A9_Garc%C3%ADa_Borge
Marek Gazdzicki,https://en.wikipedia.org/wiki/Marek_Gazdzicki
Herbert Gelernter,https://en.wikipedia.org/wiki/Herbert_Gelernter
Murray Gell‑Mann,https://en.wikipedia.org/wiki/Murray_Gell-Mann
Graciela Gelmini,https://en.wikipedia.org/wiki/Graciela_Gelmini
Gérard Le Lann,https://en.wikipedia.org/wiki/G%C3%A9rard_Le_Lann
Cecilia Gerber,https://en.wikipedia.org/wiki/Cecilia_Gerber
Elizabeth Gibney,https://en.wikipedia.org/wiki/Elizabeth_Gibney
Valerie Gibson,https://en.wikipedia.org/wiki/Valerie_Gibson
Paolo Giubellino,https://en.wikipedia.org/wiki/Paolo_Giubellino
Vladimir Jurko Glaser,https://en.wikipedia.org/wiki/Vladimir_Jurko_Glaser
Sheldon Glashow,https://en.wikipedia.org/wiki/Sheldon_Glashow
Roy J. Glauber,https://en.wikipedia.org/wiki/Roy_J._Glauber
Rohini Godbole,https://en.wikipedia.org/wiki/Rohini_Godbole
Gerson Goldhaber,https://en.wikipedia.org/wiki/Gerson_Goldhaber
Sulamith Goldhaber,https://en.wikipedia.org/wiki/Sulamith_Goldhaber
Jeffrey Goldstone,https://en.wikipedia.org/wiki/Jeffrey_Goldstone
Jene Golovchenko,https://en.wikipedia.org/wiki/Jene_Golovchenko
Paul Grannis,https://en.wikipedia.org/wiki/Paul_Grannis
Peter Grassberger,https://en.wikipedia.org/wiki/Peter_Grassberger
Hans Grassmann,https://en.wikipedia.org/wiki/Hans_Grassmann
Arnfinn Graue,https://en.wikipedia.org/wiki/Arnfinn_Graue
Victoria Greene,https://en.wikipedia.org/wiki/Victoria_Greene
Bernard Gregory,https://en.wikipedia.org/wiki/Bernard_Gregory
Jonathan M. Gregory,https://en.wikipedia.org/wiki/Jonathan_M._Gregory
Andrei Gritsan,https://en.wikipedia.org/wiki/Andrei_Gritsan
Jean‑François Groff,https://en.wikipedia.org/wiki/Jean-Fran%C3%A7ois_Groff
Borys Grynyov,https://en.wikipedia.org/wiki/Borys_Grynyov
Atul Gurtu,https://en.wikipedia.org/wiki/Atul_Gurtu
Torsten Gustafson,https://en.wikipedia.org/wiki/Torsten_Gustafson
Rudolf Haag,https://en.wikipedia.org/wiki/Rudolf_Haag
John Hagelin,https://en.wikipedia.org/wiki/John_Hagelin
Dieter Haidt,https://en.wikipedia.org/wiki/Dieter_Haidt
Dragan Hajduković,https://en.wikipedia.org/wiki/Dragan_Hajdukovi%C4%87
Geoff Hall (physicist),https://en.wikipedia.org/wiki/Geoff_Hall_(physicist)
Phillip Hallam‑Baker,https://en.wikipedia.org/wiki/Phillip_Hallam-Baker
Francis Halzen,https://en.wikipedia.org/wiki/Francis_Halzen
Gautier Hamel de Monchenault,https://en.wikipedia.org/wiki/Gautier_Hamel_de_Monchenault
Edwin Hancock,https://en.wikipedia.org/wiki/Edwin_Hancock
Jeffrey Hangst,https://en.wikipedia.org/wiki/Jeffrey_Hangst
Gail Hanson,https://en.wikipedia.org/wiki/Gail_Hanson
John Harris (physicist),https://en.wikipedia.org/wiki/John_Harris_(physicist)
Edward Robert Harrison,https://en.wikipedia.org/wiki/Edward_Robert_Harrison
Anna Hasenfratz,https://en.wikipedia.org/wiki/Anna_Hasenfratz
Brosl Hasslacher,https://en.wikipedia.org/wiki/Brosl_Hasslacher
Lene Hau,https://en.wikipedia.org/wiki/Lene_Hau
Beate Heinemann,https://en.wikipedia.org/wiki/Beate_Heinemann
Werner Heisenberg,https://en.wikipedia.org/wiki/Werner_Heisenberg
Herbert Herz (physicist),https://en.wikipedia.org/wiki/Herbert_Herz_(physicist)
Rolf‑Dieter Heuer,https://en.wikipedia.org/wiki/Rolf-Dieter_Heuer
Tony Hey,https://en.wikipedia.org/wiki/Tony_Hey
Adlène Hicheur,https://en.wikipedia.org/wiki/Adl%C3%A8ne_Hicheur
Chris Hill (physicist),https://en.wikipedia.org/wiki/Chris_Hill_(physicist)
Christopher T. Hill,https://en.wikipedia.org/wiki/Christopher_T._Hill
Ian Hinchliffe,https://en.wikipedia.org/wiki/Ian_Hinchliffe
Hallstein Høgåsen,https://en.wikipedia.org/wiki/Hallstein_H%C3%B8g%C3%A5sen
John Riley Holt,https://en.wikipedia.org/wiki/John_Riley_Holt
Johan Peter Holtsmark,https://en.wikipedia.org/wiki/Johan_Peter_Holtsmark
Michael Holzscheiter,https://en.wikipedia.org/wiki/Michael_Holzscheiter
Gerard 't Hooft,https://en.wikipedia.org/wiki/Gerard_'t_Hooft
Hafeez Hoorani,https://en.wikipedia.org/wiki/Hafeez_Hoorani
Heinrich Hora,https://en.wikipedia.org/wiki/Heinrich_Hora
David Horn (Israeli physicist),https://en.wikipedia.org/wiki/David_Horn_(Israeli_physicist)
Lawrence Paul Horwitz,https://en.wikipedia.org/wiki/Lawrence_Paul_Horwitz
Eid Hourany,https://en.wikipedia.org/wiki/Eid_Hourany
Léon Van Hove,https://en.wikipedia.org/wiki/L%C3%A9on_Van_Hove
Per Olof Hulth,https://en.wikipedia.org/wiki/Per_Olof_Hulth
Holm Gero Hümmler,https://en.wikipedia.org/wiki/Holm_Gero_H%C3%BCmmler
Faheem Hussain,https://en.wikipedia.org/wiki/Faheem_Hussain
Egil Hylleraas,https://en.wikipedia.org/wiki/Egil_Hylleraas
John Iliopoulos,https://en.wikipedia.org/wiki/John_Iliopoulos
Chris Impey,https://en.wikipedia.org/wiki/Chris_Impey
Joseph Incandela,https://en.wikipedia.org/wiki/Joseph_Incandela
John David Jackson (physicist),https://en.wikipedia.org/wiki/John_David_Jackson_(physicist)
Jafar Dhia Jafar,https://en.wikipedia.org/wiki/Jafar_Dhia_Jafar
Robert Jaffe (physicist),https://en.wikipedia.org/wiki/Robert_Jaffe_(physicist)
Josef‑Maria Jauch,https://en.wikipedia.org/wiki/Josef-Maria_Jauch
Hassan Jawahery,https://en.wikipedia.org/wiki/Hassan_Jawahery
Willibald Jentschke,https://en.wikipedia.org/wiki/Willibald_Jentschke
Giovanni Jona‑Lasinio,https://en.wikipedia.org/wiki/Giovanni_Jona-Lasinio
Lawrence W. Jones,https://en.wikipedia.org/wiki/Lawrence_W._Jones
Lorella Jones,https://en.wikipedia.org/wiki/Lorella_Jones
Vladimir Kadyshevsky,https://en.wikipedia.org/wiki/Vladimir_Kadyshevsky
Keijo Kajantie,https://en.wikipedia.org/wiki/Keijo_Kajantie
George Randolph Kalbfleisch,https://en.wikipedia.org/wiki/George_Randolph_Kalbfleisch
Gunnar Källén,https://en.wikipedia.org/wiki/Gunnar_K%C3%A4ll%C3%A9n
Renata Kallosh,https://en.wikipedia.org/wiki/Renata_Kallosh
George Kalmus,https://en.wikipedia.org/wiki/George_Kalmus
Peter Kalmus (physicist),https://en.wikipedia.org/wiki/Peter_Kalmus_(physicist)
Egbert Kankeleit,https://en.wikipedia.org/wiki/Egbert_Kankeleit
Anne Kernan,https://en.wikipedia.org/wiki/Anne_Kernan
Ishfaq Ahmad Khan,https://en.wikipedia.org/wiki/Ishfaq_Ahmad_Khan
Shaukat Hameed Khan,https://en.wikipedia.org/wiki/Shaukat_Hameed_Khan
Kim Jihn‑eui,https://en.wikipedia.org/wiki/Kim_Jihn-eui
Toichiro Kinoshita,https://en.wikipedia.org/wiki/Toichiro_Kinoshita
Peter T. Kirstein,https://en.wikipedia.org/wiki/Peter_T._Kirstein
Étienne Klein,https://en.wikipedia.org/wiki/%C3%89tienne_Klein
Willem Klein,https://en.wikipedia.org/wiki/Willem_Klein
Ariane Koek,https://en.wikipedia.org/wiki/Ariane_Koek
Yoshio Koide,https://en.wikipedia.org/wiki/Yoshio_Koide
Hans Kopfermann,https://en.wikipedia.org/wiki/Hans_Kopfermann
Ashutosh Kotwal,https://en.wikipedia.org/wiki/Ashutosh_Kotwal
Samuel Kounaves,https://en.wikipedia.org/wiki/Samuel_Kounaves
Costas Kounnas,https://en.wikipedia.org/wiki/Costas_Kounnas
Lew Kowarski,https://en.wikipedia.org/wiki/Lew_Kowarski
Anna Kreshuk,https://en.wikipedia.org/wiki/Anna_Kreshuk
Arvind Kumar (academic),https://en.wikipedia.org/wiki/Arvind_Kumar_(academic)
Wolfgang Kundt,https://en.wikipedia.org/wiki/Wolfgang_Kundt
André Lagarrigue,https://en.wikipedia.org/wiki/Andr%C3%A9_Lagarrigue
Neil Lambert,https://en.wikipedia.org/wiki/Neil_Lambert
Benny Lautrup,https://en.wikipedia.org/wiki/Benny_Lautrup
Kenneth Le Couteur,https://en.wikipedia.org/wiki/Kenneth_Le_Couteur
Leon M. Lederman,https://en.wikipedia.org/wiki/Leon_M._Lederman
Jon Magne Leinaas,https://en.wikipedia.org/wiki/Jon_Magne_Leinaas
Louis Leprince‑Ringuet,https://en.wikipedia.org/wiki/Louis_Leprince-Ringuet
Riccardo Levi‑Setti,https://en.wikipedia.org/wiki/Riccardo_Levi-Setti
Dewi Meirion Lewis,https://en.wikipedia.org/wiki/Dewi_Meirion_Lewis
Sylvain Liberman,https://en.wikipedia.org/wiki/Sylvain_Liberman
Håkon Wium Lie,https://en.wikipedia.org/wiki/H%C3%A5kon_Wium_Lie
Herman Liebaers,https://en.wikipedia.org/wiki/Herman_Liebaers
Don Lincoln,https://en.wikipedia.org/wiki/Don_Lincoln
Andrei Linde,https://en.wikipedia.org/wiki/Andrei_Linde
Jiří Linhart,https://en.wikipedia.org/wiki/Ji%C5%99%C3%AD_Linhart
Christopher Llewellyn Smith,https://en.wikipedia.org/wiki/Christopher_Llewellyn_Smith
Ben Lockspeiser,https://en.wikipedia.org/wiki/Ben_Lockspeiser
Jan Łopuszański (physicist),https://en.wikipedia.org/wiki/Jan_%C5%81opusza%C5%84ski_(physicist)
Claud Lovelace,https://en.wikipedia.org/wiki/Claud_Lovelace
Ari Luotonen,https://en.wikipedia.org/wiki/Ari_Luotonen
Dieter Lüst,https://en.wikipedia.org/wiki/Dieter_L%C3%BCst
Vera Lüth,https://en.wikipedia.org/wiki/Vera_L%C3%BCth
Joseph Lykken,https://en.wikipedia.org/wiki/Joseph_Lykken
Andrew Peter Mackenzie,https://en.wikipedia.org/wiki/Andrew_Peter_Mackenzie
Bogdan Maglich,https://en.wikipedia.org/wiki/Bogdan_Maglich
Luciano Maiani,https://en.wikipedia.org/wiki/Luciano_Maiani
Stephanie A. Majewski,https://en.wikipedia.org/wiki/Stephanie_A._Majewski
Faïrouz Malek,https://en.wikipedia.org/wiki/Fa%C3%AFrouz_Malek
Christoph von der Malsburg,https://en.wikipedia.org/wiki/Christoph_von_der_Malsburg
Alexandru Marin (physicist),https://en.wikipedia.org/wiki/Alexandru_Marin_(physicist)
André Martin (physicist),https://en.wikipedia.org/wiki/Andr%C3%A9_Martin_(physicist)
Victoria Martin,https://en.wikipedia.org/wiki/Victoria_Martin
Nikolaos Mavromatos,https://en.wikipedia.org/wiki/Nikolaos_Mavromatos
Katherine McAlpine,https://en.wikipedia.org/wiki/Katherine_McAlpine
Patricia McBride (physicist),https://en.wikipedia.org/wiki/Patricia_McBride_(physicist)
Arthur B. McDonald,https://en.wikipedia.org/wiki/Arthur_B._McDonald
Bruce McKellar,https://en.wikipedia.org/wiki/Bruce_McKellar
Edwin McMillan,https://en.wikipedia.org/wiki/Edwin_McMillan
Stephen J. Mellor,https://en.wikipedia.org/wiki/Stephen_J._Mellor
Alec Merrison,https://en.wikipedia.org/wiki/Alec_Merrison
Ernst Messerschmid,https://en.wikipedia.org/wiki/Ernst_Messerschmid
Raffaele Mezzenga,https://en.wikipedia.org/wiki/Raffaele_Mezzenga
William Mitchell (physicist),https://en.wikipedia.org/wiki/William_Mitchell_(physicist)
Peter Mittelstaedt,https://en.wikipedia.org/wiki/Peter_Mittelstaedt
Theodore Modis,https://en.wikipedia.org/wiki/Theodore_Modis
Rabindra Mohapatra,https://en.wikipedia.org/wiki/Rabindra_Mohapatra
Dieter Möhl,https://en.wikipedia.org/wiki/Dieter_M%C3%B6hl
Gert Molière,https://en.wikipedia.org/wiki/Gert_Moli%C3%A8re
Christian Møller,https://en.wikipedia.org/wiki/Christian_M%C3%B8ller
Claus Montonen,https://en.wikipedia.org/wiki/Claus_Montonen
Ben Roy Mottelson,https://en.wikipedia.org/wiki/Ben_Roy_Mottelson
Rajaâ Cherkaoui El Moursli,https://en.wikipedia.org/wiki/Raja%C3%A2_Cherkaoui_El_Moursli
Hitoshi Murayama,https://en.wikipedia.org/wiki/Hitoshi_Murayama
Stephen Myers (engineer),https://en.wikipedia.org/wiki/Stephen_Myers_(engineer)
Werner Nahm,https://en.wikipedia.org/wiki/Werner_Nahm
Dimitri Nanopoulos,https://en.wikipedia.org/wiki/Dimitri_Nanopoulos
Meenakshi Narain,https://en.wikipedia.org/wiki/Meenakshi_Narain
Giuseppe Nardulli,https://en.wikipedia.org/wiki/Giuseppe_Nardulli
Stephan Narison,https://en.wikipedia.org/wiki/Stephan_Narison
Pran Nath (physicist),https://en.wikipedia.org/wiki/Pran_Nath_(physicist)
Homer Neal,https://en.wikipedia.org/wiki/Homer_Neal
André Neveu,https://en.wikipedia.org/wiki/Andr%C3%A9_Neveu
Hermann Nicolai,https://en.wikipedia.org/wiki/Hermann_Nicolai
Henrik Frystyk Nielsen,https://en.wikipedia.org/wiki/Henrik_Frystyk_Nielsen
Peter van Nieuwenhuizen,https://en.wikipedia.org/wiki/Peter_van_Nieuwenhuizen
Sven Gösta Nilsson,https://en.wikipedia.org/wiki/Sven_G%C3%B6sta_Nilsson
Reinhard Oehme,https://en.wikipedia.org/wiki/Reinhard_Oehme
Walter Oelert,https://en.wikipedia.org/wiki/Walter_Oelert
Tihiro Ohkawa,https://en.wikipedia.org/wiki/Tihiro_Ohkawa
Susumu Okubo,https://en.wikipedia.org/wiki/Susumu_Okubo
Lev Okun,https://en.wikipedia.org/wiki/Lev_Okun
David Olive,https://en.wikipedia.org/wiki/David_Olive
Keith Olive,https://en.wikipedia.org/wiki/Keith_Olive
Haakon Andreas Olsen,https://en.wikipedia.org/wiki/Haakon_Andreas_Olsen
Yaşar Önel,https://en.wikipedia.org/wiki/Ya%C5%9Far_%C3%96nel
Yuri Orlov,https://en.wikipedia.org/wiki/Yuri_Orlov
Eivind Osnes,https://en.wikipedia.org/wiki/Eivind_Osnes
Feryal Özel,https://en.wikipedia.org/wiki/Feryal_%C3%96zel
Antimo Palano,https://en.wikipedia.org/wiki/Antimo_Palano
József Pálinkás,https://en.wikipedia.org/wiki/J%C3%B3szef_P%C3%A1link%C3%A1s
Richard Pankhurst (botanist),https://en.wikipedia.org/wiki/Richard_Pankhurst_(botanist)
Costas N. Papanicolas,https://en.wikipedia.org/wiki/Costas_N._Papanicolas
Alexis Pappas,https://en.wikipedia.org/wiki/Alexis_Pappas
Andy Parker (physicist),https://en.wikipedia.org/wiki/Andy_Parker_(physicist)
Sabrina Gonzalez Pasterski,https://en.wikipedia.org/wiki/Sabrina_Gonzalez_Pasterski
Apoorva D. Patel,https://en.wikipedia.org/wiki/Apoorva_D._Patel
J. Ritchie Patterson,https://en.wikipedia.org/wiki/J._Ritchie_Patterson
Helmut Paul,https://en.wikipedia.org/wiki/Helmut_Paul
Wolfgang Paul,https://en.wikipedia.org/wiki/Wolfgang_Paul
Felicitas Pauss,https://en.wikipedia.org/wiki/Felicitas_Pauss
Nicola Pellow,https://en.wikipedia.org/wiki/Nicola_Pellow
Mike Pentz,https://en.wikipedia.org/wiki/Mike_Pentz
Donald Hill Perkins,https://en.wikipedia.org/wiki/Donald_Hill_Perkins
Francis Perrin (physicist),https://en.wikipedia.org/wiki/Francis_Perrin_(physicist)
André Petermann,https://en.wikipedia.org/wiki/Andr%C3%A9_Petermann
Andreas Petermann (physicist),https://en.wikipedia.org/wiki/Andreas_Petermann_(physicist)
Bernard Peters,https://en.wikipedia.org/wiki/Bernard_Peters
Thomas Gerald Pickavance,https://en.wikipedia.org/wiki/Thomas_Gerald_Pickavance
Fulvia Pilat,https://en.wikipedia.org/wiki/Fulvia_Pilat
James Pinfold,https://en.wikipedia.org/wiki/James_Pinfold
Andrew Pinsent,https://en.wikipedia.org/wiki/Andrew_Pinsent
John Polkinghorne,https://en.wikipedia.org/wiki/John_Polkinghorne
Daniel Pomarède,https://en.wikipedia.org/wiki/Daniel_Pomar%C3%A8de
Massimo Porrati,https://en.wikipedia.org/wiki/Massimo_Porrati
Arthur M. Poskanzer,https://en.wikipedia.org/wiki/Arthur_M._Poskanzer
C. F. Powell,https://en.wikipedia.org/wiki/C._F._Powell
Giuliano Preparata,https://en.wikipedia.org/wiki/Giuliano_Preparata
Claude Pruneau,https://en.wikipedia.org/wiki/Claude_Pruneau
Giampietro Puppi,https://en.wikipedia.org/wiki/Giampietro_Puppi
Jianming Qian,https://en.wikipedia.org/wiki/Jianming_Qian
Raúl Rabadán,https://en.wikipedia.org/wiki/Ra%C3%BAl_Rabad%C3%A1n
Isidor Isaac Rabi,https://en.wikipedia.org/wiki/Isidor_Isaac_Rabi
Eliezer Rabinovici,https://en.wikipedia.org/wiki/Eliezer_Rabinovici
Luigi Arialdo Radicati di Brozolo,https://en.wikipedia.org/wiki/Luigi_Arialdo_Radicati_di_Brozolo
Helga E. Rafelski,https://en.wikipedia.org/wiki/Helga_E._Rafelski
Ramamurti Rajaraman,https://en.wikipedia.org/wiki/Ramamurti_Rajaraman
V. S. Ramamurthy,https://en.wikipedia.org/wiki/V._S._Ramamurthy
Colin Ramm,https://en.wikipedia.org/wiki/Colin_Ramm
William Rarita,https://en.wikipedia.org/wiki/William_Rarita
Amitava Raychaudhuri,https://en.wikipedia.org/wiki/Amitava_Raychaudhuri
Tullio Regge,https://en.wikipedia.org/wiki/Tullio_Regge
Mannque Rho,https://en.wikipedia.org/wiki/Mannque_Rho
Riazuddin (physicist),https://en.wikipedia.org/wiki/Riazuddin_(physicist)
Anne Richards (physicist),https://en.wikipedia.org/wiki/Anne_Richards_(physicist)
Burton Richter,https://en.wikipedia.org/wiki/Burton_Richter
Derek W. Robinson,https://en.wikipedia.org/wiki/Derek_W._Robinson
Natalie Roe,https://en.wikipedia.org/wiki/Natalie_Roe
Douglas Ross (physicist),https://en.wikipedia.org/wiki/Douglas_Ross_(physicist)
Graham Ross (physicist),https://en.wikipedia.org/wiki/Graham_Ross_(physicist)
Svein Rosseland,https://en.wikipedia.org/wiki/Svein_Rosseland
Alain Rouet,https://en.wikipedia.org/wiki/Alain_Rouet
Probir Roy,https://en.wikipedia.org/wiki/Probir_Roy
Shasanka Mohan Roy,https://en.wikipedia.org/wiki/Shasanka_Mohan_Roy
Christophe Royon,https://en.wikipedia.org/wiki/Christophe_Royon
Valery Rubakov,https://en.wikipedia.org/wiki/Valery_Rubakov
Vanina Ruhlmann‑Kleider,https://en.wikipedia.org/wiki/Vanina_Ruhlmann-Kleider
John Gordon Rushbrooke,https://en.wikipedia.org/wiki/John_Gordon_Rushbrooke
Vyacheslav Rychkov,https://en.wikipedia.org/wiki/Vyacheslav_Rychkov
Christopher Sachrajda,https://en.wikipedia.org/wiki/Christopher_Sachrajda
Bernard Sadoulet,https://en.wikipedia.org/wiki/Bernard_Sadoulet
Augusto Sagnotti,https://en.wikipedia.org/wiki/Augusto_Sagnotti
J. J. Sakurai,https://en.wikipedia.org/wiki/J._J._Sakurai
Gavin Salam,https://en.wikipedia.org/wiki/Gavin_Salam
David Saltzberg,https://en.wikipedia.org/wiki/David_Saltzberg
Giorgio Salvini,https://en.wikipedia.org/wiki/Giorgio_Salvini
Thomas W. L. Sanford,https://en.wikipedia.org/wiki/Thomas_W._L._Sanford
Paul Scherrer,https://en.wikipedia.org/wiki/Paul_Scherrer
Robert Schrader,https://en.wikipedia.org/wiki/Robert_Schrader
Bert Schroer,https://en.wikipedia.org/wiki/Bert_Schroer
Ben Segal (computer scientist),https://en.wikipedia.org/wiki/Ben_Segal_(computer_scientist)
Gino Segrè,https://en.wikipedia.org/wiki/Gino_Segr%C3%A8
Franco Selleri,https://en.wikipedia.org/wiki/Franco_Selleri
Friedel Sellschop,https://en.wikipedia.org/wiki/Friedel_Sellschop
Allen Sessoms,https://en.wikipedia.org/wiki/Allen_Sessoms
Qaisar Shafi,https://en.wikipedia.org/wiki/Qaisar_Shafi
Mikhail Shaposhnikov,https://en.wikipedia.org/wiki/Mikhail_Shaposhnikov
Archana Sharma (physicist),https://en.wikipedia.org/wiki/Archana_Sharma_(physicist)
Tara Shears,https://en.wikipedia.org/wiki/Tara_Shears
Alevtina Shmeleva,https://en.wikipedia.org/wiki/Alevtina_Shmeleva
Simon Singh,https://en.wikipedia.org/wiki/Simon_Singh
Jerome Singleton,https://en.wikipedia.org/wiki/Jerome_Singleton
Bikash Sinha,https://en.wikipedia.org/wiki/Bikash_Sinha
Torbjörn Sjöstrand,https://en.wikipedia.org/wiki/Torbj%C3%B6rn_Sj%C3%B6strand
Rolf Skår,https://en.wikipedia.org/wiki/Rolf_Sk%C3%A5r
Herbert Wakefield Banks Skinner,https://en.wikipedia.org/wiki/Herbert_Skinner
Alexander Skrinsky,https://en.wikipedia.org/wiki/Alexander_Skrinsky
Tomasz Skwarnicki,https://en.wikipedia.org/wiki/Tomasz_Skwarnicki
Robert H. Socolow,https://en.wikipedia.org/wiki/Robert_H._Socolow
Paul Söding,https://en.wikipedia.org/wiki/Paul_S%C3%B6ding
Sven Oluf Sørensen,https://en.wikipedia.org/wiki/Sven_Oluf_S%C3%B8rensen
Hans Joachim Specht,https://en.wikipedia.org/wiki/Hans_Joachim_Specht
Michel Spiro,https://en.wikipedia.org/wiki/Michel_Spiro
K. Sridhar,https://en.wikipedia.org/wiki/K._Sridhar
Johanna Stachel,https://en.wikipedia.org/wiki/Johanna_Stachel
Godfrey Stafford,https://en.wikipedia.org/wiki/Godfrey_Stafford
Matthias Staudacher,https://en.wikipedia.org/wiki/Matthias_Staudacher
Jack Steinberger,https://en.wikipedia.org/wiki/Jack_Steinberger
Ransom Stephens,https://en.wikipedia.org/wiki/Ransom_Stephens
James Stirling (physicist),https://en.wikipedia.org/wiki/James_Stirling_(physicist)
Reinhard Stock,https://en.wikipedia.org/wiki/Reinhard_Stock
Sheldon Stone,https://en.wikipedia.org/wiki/Sheldon_Stone
Raymond Stora,https://en.wikipedia.org/wiki/Raymond_Stora
Ray Streater,https://en.wikipedia.org/wiki/Ray_Streater
Ernst Stueckelberg,https://en.wikipedia.org/wiki/Ernst_Stueckelberg
Peter A. Sturrock,https://en.wikipedia.org/wiki/Peter_A._Sturrock
Donald J. Summers,https://en.wikipedia.org/wiki/Donald_J._Summers
Keith Symon,https://en.wikipedia.org/wiki/Keith_Symon
Kyriakos Tamvakis,https://en.wikipedia.org/wiki/Kyriakos_Tamvakis
Anne Taormina,https://en.wikipedia.org/wiki/Anne_Taormina
Tomasz Robert Taylor,https://en.wikipedia.org/wiki/Tomasz_Robert_Taylor
Wendy Taylor (physicist),https://en.wikipedia.org/wiki/Wendy_Taylor_(physicist)
Valentine Telegdi,https://en.wikipedia.org/wiki/Valentine_Telegdi
Daniel Thalmann,https://en.wikipedia.org/wiki/Daniel_Thalmann
Walter Thirring,https://en.wikipedia.org/wiki/Walter_Thirring
Jennifer Anne Thomas (physicist),https://en.wikipedia.org/wiki/Jennifer_Thomas_(physicist)
Mark Thomson (physicist),https://en.wikipedia.org/wiki/Mark_Thomson_(physicist)
Charles Thorn,https://en.wikipedia.org/wiki/Charles_Thorn
Samuel C. C. Ting,https://en.wikipedia.org/wiki/Samuel_C._C._Ting
Alvin V. Tollestrup,https://en.wikipedia.org/wiki/Alvin_V._Tollestrup
Mohamed El‑Amin Ahmed El‑Tom,https://en.wikipedia.org/wiki/Mohamed_El-Amin_Ahmed_El-Tom
Guido Tonelli,https://en.wikipedia.org/wiki/Guido_Tonelli
Bruno Touschek,https://en.wikipedia.org/wiki/Bruno_Touschek
George Trilling,https://en.wikipedia.org/wiki/George_Trilling
René Turlay,https://en.wikipedia.org/wiki/Ren%C3%A9_Turlay
Michael Tuts,https://en.wikipedia.org/wiki/Michael_Tuts
Stefan Ulmer (physicist),https://en.wikipedia.org/wiki/Stefan_Ulmer_(physicist)
Sławosz Uznański‑Wiśniewski,https://en.wikipedia.org/wiki/S%C5%82awosz_Uzna%C5%84ski-Wi%C5%9Bniewski
Mayda Velasco,https://en.wikipedia.org/wiki/Mayda_Velasco
Julia Velkovska,https://en.wikipedia.org/wiki/Julia_Velkovska
Martinus J. G. Veltman,https://en.wikipedia.org/wiki/Martinus_J._G._Veltman
Licia Verde,https://en.wikipedia.org/wiki/Licia_Verde
Erik Verlinde,https://en.wikipedia.org/wiki/Erik_Verlinde
Georges Vianès,https://en.wikipedia.org/wiki/Georges_Vian%C3%A8s
Zeblon Vilakazi,https://en.wikipedia.org/wiki/Zeblon_Vilakazi
Patrizio Vinciarelli,https://en.wikipedia.org/wiki/Patrizio_Vinciarelli
Manuella Vincter,https://en.wikipedia.org/wiki/Manuella_Vincter
Tejinder Virdee,https://en.wikipedia.org/wiki/Tejinder_Virdee
Sergei Voloshin,https://en.wikipedia.org/wiki/Sergei_Voloshin
Lucia Votano,https://en.wikipedia.org/wiki/Lucia_Votano
Spenta R. Wadia,https://en.wikipedia.org/wiki/Spenta_R._Wadia
John Dirk Walecka,https://en.wikipedia.org/wiki/John_Dirk_Walecka
Wang Yifang,https://en.wikipedia.org/wiki/Wang_Yifang
Thomas Weiland,https://en.wikipedia.org/wiki/Thomas_Weiland
Richard M. Weiner,https://en.wikipedia.org/wiki/Richard_M._Weiner
Victor Weisskopf,https://en.wikipedia.org/wiki/Victor_Weisskopf
James D. Wells (physicist),https://en.wikipedia.org/wiki/James_D._Wells_(physicist)
Harald Wergeland,https://en.wikipedia.org/wiki/Harald_Wergeland
Julius Wess,https://en.wikipedia.org/wiki/Julius_Wess
Peter West (physicist),https://en.wikipedia.org/wiki/Peter_West_(physicist)
Herman Brenner White,https://en.wikipedia.org/wiki/Herman_Brenner_White
Whurley,https://en.wikipedia.org/wiki/Whurley
Gian Carlo Wick,https://en.wikipedia.org/wiki/Gian_Carlo_Wick
Rolf Widerøe,https://en.wikipedia.org/wiki/Rolf_Wider%C3%B8e
Bjørn Wiik,https://en.wikipedia.org/wiki/Bj%C3%B8rn_Wiik
Denys Wilkinson,https://en.wikipedia.org/wiki/Denys_Wilkinson
Guy Wilkinson (physicist),https://en.wikipedia.org/wiki/Guy_Wilkinson_(physicist)
Mike Williams (physicist),https://en.wikipedia.org/wiki/Mike_Williams_(physicist)
William J. Willis,https://en.wikipedia.org/wiki/William_J._Willis
Kenneth G. Wilson,https://en.wikipedia.org/wiki/Kenneth_G._Wilson
Bernard de Wit,https://en.wikipedia.org/wiki/Bernard_de_Wit
Stanley Wojcicki,https://en.wikipedia.org/wiki/Stanley_Wojcicki
Grzegorz Wrochna,https://en.wikipedia.org/wiki/Grzegorz_Wrochna
Sau Lan Wu,https://en.wikipedia.org/wiki/Sau_Lan_Wu
Tai Tsun Wu,https://en.wikipedia.org/wiki/Tai_Tsun_Wu
Terry Wyatt,https://en.wikipedia.org/wiki/Terry_Wyatt
Tung‑Mow Yan,https://en.wikipedia.org/wiki/Tung-Mow_Yan
Hatice Duran Yildiz,https://en.wikipedia.org/wiki/Hatice_Duran_Yildiz
Francisco José Ynduráin,https://en.wikipedia.org/wiki/Francisco_Jos%C3%A9_Yndur%C3%A1in
Ranga Yogeshwar,https://en.wikipedia.org/wiki/Ranga_Yogeshwar
Thomas Ypsilantis,https://en.wikipedia.org/wiki/Thomas_Ypsilantis
Emilio Zavattini,https://en.wikipedia.org/wiki/Emilio_Zavattini
Danilo Zavrtanik,https://en.wikipedia.org/wiki/Danilo_Zavrtanik
Zhao Zhentang,https://en.wikipedia.org/wiki/Zhao_Zhentang
Antonino Zichichi,https://en.wikipedia.org/wiki/Antonino_Zichichi
Stephanie Zimmermann,https://en.wikipedia.org/wiki/Stephanie_Zimmermann
Jean Zinn‑Justin,https://en.wikipedia.org/wiki/Jean_Zinn-Justin
Bruno Zumino,https://en.wikipedia.org/wiki/Bruno_Zumino
George Zweig,https://en.wikipedia.org/wiki/George_Zweig