title,content
Alessandro Strumia,https://en.wikipedia.org/wiki/Alessandro_Strumia
Alexander Kusenko,https://en.wikipedia.org/wiki/Alexander_Kusenko
Amalia Ballarino,https://en.wikipedia.org/wiki/Amalia_Ballarino
Anthony William Thomas,https://en.wikipedia.org/wiki/Anthony_William_Thomas
Antonella De Santo,https://en.wikipedia.org/wiki/Antonella_De_Santo
Atish Dabholkar,https://en.wikipedia.org/wiki/Atish_Dabholkar
Bedangadas Mohanty,https://en.wikipedia.org/wiki/Bedangadas_Mohanty
Bent Stumpe,https://en.wikipedia.org/wiki/Bent_Stumpe
Bernhard Mistlberger,https://en.wikipedia.org/wiki/Bernhard_Mistlberger
Carlo Rubbia,https://en.wikipedia.org/wiki/Carlo_Rubbia
Cecilia Jarlskog,https://en.wikipedia.org/wiki/Cecilia_Jarlskog
Christine Sutton,https://en.wikipedia.org/wiki/Christine_Sutton
Christof Wetterich,https://en.wikipedia.org/wiki/Christof_Wetterich
Daniele Amati,https://en.wikipedia.org/wiki/Daniele_Amati
Demetrios Christodoulou,https://en.wikipedia.org/wiki/Demetrios_Christodoulou
Edward Farhi,https://en.wikipedia.org/wiki/Edward_Farhi
Edward Karavakis,https://en.wikipedia.org/wiki/Edward_Karavakis
Egil Lillestøl,https://en.wikipedia.org/wiki/Egil_Lillestøl
Emanuele Quercigh,https://en.wikipedia.org/wiki/Emanuele_Quercigh
Emilio Picasso,https://en.wikipedia.org/wiki/Emilio_Picasso
Fabiola Gianotti,https://en.wikipedia.org/wiki/Fabiola_Gianotti
Fernando Quevedo,https://en.wikipedia.org/wiki/Fernando_Quevedo
Francesco Ruggiero,https://en.wikipedia.org/wiki/Francesco_Ruggiero
Francesco Sannino,https://en.wikipedia.org/wiki/Francesco_Sannino
Gabriele Veneziano,https://en.wikipedia.org/wiki/Gabriele_Veneziano
Georges Charpak,https://en.wikipedia.org/wiki/Georges_Charpak
Gian Francesco Giudice,https://en.wikipedia.org/wiki/Gian_Francesco_Giudice
Giulia Zanderighi,https://en.wikipedia.org/wiki/Giulia_Zanderighi
Guido Altarelli,https://en.wikipedia.org/wiki/Guido_Altarelli
Guy von Dardel,https://en.wikipedia.org/wiki/Guy_von_Dardel
Hans Joos,https://en.wikipedia.org/wiki/Hans_Joos
Herwig Schopper,https://en.wikipedia.org/wiki/Herwig_Schopper
Horst Wenninger,https://en.wikipedia.org/wiki/Horst_Wenninger
Hugh E. Montgomery,https://en.wikipedia.org/wiki/Hugh_E._Montgomery
Ignatios Antoniadis,https://en.wikipedia.org/wiki/Ignatios_Antoniadis
Jasper Kirkby,https://en.wikipedia.org/wiki/Jasper_Kirkby
Johann Rafelski,https://en.wikipedia.org/wiki/Johann_Rafelski
John Krige,https://en.wikipedia.org/wiki/John_Krige
John Stewart Bell,https://en.wikipedia.org/wiki/John_Stewart_Bell
Karl Jakobs,https://en.wikipedia.org/wiki/Karl_Jakobs
Kurt Gottfried,https://en.wikipedia.org/wiki/Kurt_Gottfried
Kurt Symanzik,https://en.wikipedia.org/wiki/Kurt_Symanzik
Lucio Rossi,https://en.wikipedia.org/wiki/Lucio_Rossi
Luigi Di Lella,https://en.wikipedia.org/wiki/Luigi_Di_Lella
Lutz Feld,https://en.wikipedia.org/wiki/Lutz_Feld
Magda Ericson,https://en.wikipedia.org/wiki/Magda_Ericson
Manfred Lindner,https://en.wikipedia.org/wiki/Manfred_Lindner
Maria Fidecaro,https://en.wikipedia.org/wiki/Maria_Fidecaro
Maria Girone,https://en.wikipedia.org/wiki/Maria_Girone
Maria Spiropulu,https://en.wikipedia.org/wiki/Maria_Spiropulu
Marta Losada,https://en.wikipedia.org/wiki/Marta_Losada
Martin Lüscher,https://en.wikipedia.org/wiki/Martin_Lüscher
Mary K. Gaillard,https://en.wikipedia.org/wiki/Mary_K._Gaillard
Marzio Nessi,https://en.wikipedia.org/wiki/Marzio_Nessi
Maurice Jacob,https://en.wikipedia.org/wiki/Maurice_Jacob
Nan Phinney,https://en.wikipedia.org/wiki/Nan_Phinney
Nigel Glover,https://en.wikipedia.org/wiki/Nigel_Glover
Paraskevas Sphicas,https://en.wikipedia.org/wiki/Paraskevas_Sphicas
Patrick Huber,https://en.wikipedia.org/wiki/Patrick_Huber
Paul Lecoq,https://en.wikipedia.org/wiki/Paul_Lecoq
Pedro G. Ferreira,https://en.wikipedia.org/wiki/Pedro_G._Ferreira
Peter Bouwknegt,https://en.wikipedia.org/wiki/Peter_Bouwknegt
Peter Jenni,https://en.wikipedia.org/wiki/Peter_Jenni
Peter Minkowski,https://en.wikipedia.org/wiki/Peter_Minkowski
Pierre Darriulat,https://en.wikipedia.org/wiki/Pierre_Darriulat
Pierre Sikivie,https://en.wikipedia.org/wiki/Pierre_Sikivie
R. Keith Ellis,https://en.wikipedia.org/wiki/R._Keith_Ellis
Riccardo Rattazzi,https://en.wikipedia.org/wiki/Riccardo_Rattazzi
Richard E. Taylor,https://en.wikipedia.org/wiki/Richard_E._Taylor
Robert Aymar,https://en.wikipedia.org/wiki/Robert_Aymar
Robert Cailliau,https://en.wikipedia.org/wiki/Robert_Cailliau
Robert Klapisch,https://en.wikipedia.org/wiki/Robert_Klapisch
Roberto Salmeron,https://en.wikipedia.org/wiki/Roberto_Salmeron
Rolf Hagedorn,https://en.wikipedia.org/wiki/Rolf_Hagedorn
Sabine Kraml,https://en.wikipedia.org/wiki/Sabine_Kraml
Sergio Bertolucci,https://en.wikipedia.org/wiki/Sergio_Bertolucci
Sergio Ferrara,https://en.wikipedia.org/wiki/Sergio_Ferrara
Shirley Ann Jackson,https://en.wikipedia.org/wiki/Shirley_Ann_Jackson
Simon van der Meer,https://en.wikipedia.org/wiki/Simon_van_der_Meer
Stan Bentvelsen,https://en.wikipedia.org/wiki/Stan_Bentvelsen
Stavros Katsanevas,https://en.wikipedia.org/wiki/Stavros_Katsanevas
Stefano Buono,https://en.wikipedia.org/wiki/Stefano_Buono
Swapan Chattopadhyay,https://en.wikipedia.org/wiki/Swapan_Chattopadhyay
Sylvia Barlag,https://en.wikipedia.org/wiki/Sylvia_Barlag
Teresa Rodrigo,https://en.wikipedia.org/wiki/Teresa_Rodrigo
Thomas Hertog,https://en.wikipedia.org/wiki/Thomas_Hertog
Torsten Åkesson,https://en.wikipedia.org/wiki/Torsten_Åkesson
Wolfgang Gentner,https://en.wikipedia.org/wiki/Wolfgang_Gentner
Yannis K. Semertzidis,https://en.wikipedia.org/wiki/Yannis_K._Semertzidis
Yaron Oz,https://en.wikipedia.org/wiki/Yaron_Oz
